date,hospital,daily,blood_a,blood_b,blood_o,blood_ab,location_centre,location_mobile,type_wholeblood,type_apheresis_platelet,type_apheresis_plasma,type_other,social_civilian,social_student,social_policearmy,donations_new,donations_regular,donations_irregular
2024-11-01,Hospital Sultanah Nora Ismail,0,0,0,0,0,0,0,0,0,0,0,0,0,0,0,0,0
2024-11-01,Hospital Sultanah Aminah,33,10,7,16,0,0,33,33,0,0,0,30,3,0,7,21,5
2024-11-01,Hospital Sultanah Bahiyah,28,8,12,8,0,0,28,28,0,0,0,24,4,0,3,17,8
2024-11-01,Hospital Raja Perempuan Zainab II,0,0,0,0,0,0,0,0,0,0,0,0,0,0,0,0,0
2024-11-01,Hospital Melaka,14,5,4,4,1,14,0,14,0,0,0,12,2,0,3,10,1
2024-11-01,Hospital Tuanku Jaafar,24,4,1,19,0,24,0,24,0,0,0,17,6,1,3,20,1
2024-11-01,Hospital Tengku Ampuan Afzan,6,2,3,1,0,6,0,5,1,0,0,4,2,0,0,5,1
2024-11-01,Hospital Sultan Haji Ahmad Shah,47,9,12,22,4,7,40,47,0,0,0,29,2,16,9,19,19
2024-11-01,Hospital Seberang Jaya,11,2,5,4,0,11,0,11,0,0,0,11,0,0,0,10,1
2024-11-01,Hospital Pulau Pinang,39,12,11,14,2,39,0,37,2,0,0,34,5,0,5,32,2
2024-11-01,Hospital Raja Permaisuri Bainun,89,21,21,44,3,0,89,89,0,0,0,83,3,3,16,59,14
2024-11-01,Hospital Taiping,34,12,9,13,0,0,34,34,0,0,0,31,1,2,7,21,6
2024-11-01,Hospital Seri Manjung,0,0,0,0,0,0,0,0,0,0,0,0,0,0,0,0,0
2024-11-01,Hospital Tengku Ampuan Rahimah,23,10,6,6,1,8,15,23,0,0,0,21,2,0,3,12,8
2024-11-01,Hospital Sultanah Nur Zahirah,77,15,26,34,2,0,77,77,0,0,0,67,10,0,17,47,13
2024-11-01,Hospital Queen Elizabeth II,55,17,17,20,1,8,47,55,0,0,0,51,4,0,13,31,11
2024-11-01,Hospital Duchess Of Kent,21,6,3,12,0,4,17,21,0,0,0,20,1,0,5,13,3
2024-11-01,Hospital Tawau,10,0,1,8,1,10,0,10,0,0,0,10,0,0,1,9,0
2024-11-01,Hospital Umum Sarawak,54,16,9,27,2,54,0,54,0,0,0,50,4,0,9,40,5
2024-11-01,Hospital Miri,13,1,4,8,0,13,0,13,0,0,0,11,1,1,2,11,0
2024-11-01,Hospital Sibu,2,1,1,0,0,2,0,2,0,0,0,2,0,0,0,2,0
2024-11-01,Pusat Darah Negara,360,87,95,168,10,92,268,341,13,6,0,328,29,3,30,257,73
2024-11-02,Hospital Sultanah Nora Ismail,50,10,9,28,3,0,50,50,0,0,0,49,1,0,4,36,10
2024-11-02,Hospital Sultanah Aminah,103,34,25,42,2,0,103,103,0,0,0,96,6,1,19,59,25
2024-11-02,,23,9,5,8,1,0,23,23,0,0,0,23,0,0,11,7,5
2024-11-02,Hospital Sultanah Bahiyah,32,6,13,11,2,0,32,32,0,0,0,26,5,1,2,21,9
2024-11-02,Hospital Raja Perempuan Zainab II,74,17,25,26,6,0,74,74,0,0,0,68,5,1,15,37,22
2024-11-02,Hospital Melaka,67,15,14,36,2,18,49,67,0,0,0,63,4,0,9,43,15
2024-11-02,Hospital Tuanku Jaafar,41,10,7,24,0,0,41,41,0,0,0,37,4,0,9,26,6
2024-11-02,Hospital Tengku Ampuan Afzan,0,0,0,0,0,0,0,0,0,0,0,0,0,0,0,0,0
2024-11-02,Hospital Sultan Haji Ahmad Shah,0,0,0,0,0,0,0,0,0,0,0,0,0,0,0,0,0
2024-11-02,Hospital Seberang Jaya,0,0,0,0,0,0,0,0,0,0,0,0,0,0,0,0,0
2024-11-02,Hospital Pulau Pinang,58,17,10,27,4,28,30,55,3,0,0,54,4,0,5,45,8
2024-11-02,Hospital Raja Permaisuri Bainun,59,16,10,28,5,0,59,59,0,0,0,55,3,1,9,37,13
2024-11-02,Hospital Taiping,6,1,1,4,0,0,6,6,0,0,0,4,1,1,1,5,0
2024-11-02,Hospital Seri Manjung,0,0,0,0,0,0,0,0,0,0,0,0,0,0,0,0,0
2024-11-02,Hospital Tengku Ampuan Rahimah,114,28,27,51,8,0,114,114,0,0,0,106,7,1,14,70,30
2024-11-02,Hospital Sultanah Nur Zahirah,15,1,4,8,2,0,15,15,0,0,0,14,1,0,4,10,1
2024-11-02,Hospital Queen Elizabeth II,53,10,14,28,1,0,53,53,0,0,0,50,3,0,11,33,9
2024-11-02,Hospital Duchess Of Kent,3,1,1,1,0,0,3,3,0,0,0,3,0,0,0,2,1
2024-11-02,Hospital Tawau,30,4,8,18,0,0,30,30,0,0,0,28,2,0,6,16,8
2024-11-02,Hospital Umum Sarawak,117,29,35,50,3,0,117,117,0,0,0,104,13,0,18,82,17
2024-11-02,Hospital Miri,20,5,7,6,2,0,20,20,0,0,0,19,1,0,1,18,1
2024-11-02,Hospital Sibu,14,4,6,2,2,0,14,14,0,0,0,11,2,1,3,7,4
2024-11-02,Pusat Darah Negara,656,163,192,258,43,105,551,633,14,9,0,445,205,6,136,432,88
2024-11-03,Hospital Sultanah Nora Ismail,46,11,11,24,0,9,37,46,0,0,0,45,1,0,8,32,6
2024-11-03,Hospital Sultanah Aminah,167,47,40,77,3,48,119,167,0,0,0,160,7,0,28,111,28
2024-11-03,,35,9,9,16,1,17,18,35,0,0,0,34,1,0,8,19,8
2024-11-03,Hospital Sultanah Bahiyah,63,15,13,30,5,10,53,63,0,0,0,53,7,3,23,30,10
2024-11-03,Hospital Raja Perempuan Zainab II,88,20,27,33,8,32,56,83,5,0,0,70,18,0,36,44,8
2024-11-03,Hospital Melaka,137,29,36,61,11,0,137,137,0,0,0,120,13,4,26,74,37
2024-11-03,Hospital Tuanku Jaafar,75,18,29,28,0,0,75,75,0,0,0,69,6,0,12,42,21
2024-11-03,Hospital Tengku Ampuan Afzan,143,46,30,55,12,0,143,143,0,0,0,132,9,2,10,122,11
2024-11-03,Hospital Sultan Haji Ahmad Shah,64,14,21,28,1,0,64,64,0,0,0,61,3,0,6,50,8
2024-11-03,Hospital Seberang Jaya,108,36,28,43,1,0,108,108,0,0,0,106,2,0,11,89,8
2024-11-03,Hospital Pulau Pinang,96,23,25,46,2,0,96,96,0,0,0,87,9,0,19,61,16
2024-11-03,Hospital Raja Permaisuri Bainun,129,35,26,56,12,0,129,129,0,0,0,118,10,1,12,103,14
2024-11-03,Hospital Taiping,21,3,3,14,1,0,21,21,0,0,0,19,2,0,1,17,3
2024-11-03,Hospital Seri Manjung,0,0,0,0,0,0,0,0,0,0,0,0,0,0,0,0,0
2024-11-03,Hospital Tengku Ampuan Rahimah,273,72,71,108,22,0,273,273,0,0,0,260,13,0,34,180,59
2024-11-03,Hospital Sultanah Nur Zahirah,15,3,3,8,1,15,0,15,0,0,0,15,0,0,0,11,4
2024-11-03,Hospital Queen Elizabeth II,93,20,23,45,5,0,93,93,0,0,0,75,16,2,13,69,11
2024-11-03,Hospital Duchess Of Kent,104,23,24,50,7,0,104,104,0,0,0,101,3,0,9,88,7
2024-11-03,Hospital Tawau,50,10,12,21,7,0,50,50,0,0,0,49,0,1,13,36,1
2024-11-03,Hospital Umum Sarawak,151,50,32,58,11,0,151,151,0,0,0,135,14,2,17,123,11
2024-11-03,Hospital Miri,80,20,24,32,4,0,80,80,0,0,0,75,5,0,21,47,12
2024-11-03,Hospital Sibu,114,30,22,54,8,0,114,114,0,0,0,110,3,1,5,106,3
2024-11-03,Pusat Darah Negara,751,178,203,336,34,113,638,751,0,0,0,690,54,7,94,518,139
2024-11-04,Hospital Sultanah Nora Ismail,3,1,0,2,0,3,0,3,0,0,0,3,0,0,1,1,1
2024-11-04,Hospital Sultanah Aminah,113,28,29,53,3,23,90,113,0,0,0,110,3,0,28,66,19
2024-11-04,,6,2,2,2,0,6,0,6,0,0,0,6,0,0,0,2,4
2024-11-04,Hospital Sultanah Bahiyah,37,8,15,12,2,10,27,37,0,0,0,34,2,1,7,22,8
2024-11-04,Hospital Raja Perempuan Zainab II,25,7,8,6,4,9,16,25,0,0,0,20,5,0,8,14,3
2024-11-04,Hospital Melaka,75,25,21,26,3,17,58,72,3,0,0,64,0,11,13,44,18
2024-11-04,Hospital Tuanku Jaafar,15,2,7,6,0,15,0,15,0,0,0,14,1,0,0,14,1
2024-11-04,Hospital Tengku Ampuan Afzan,8,2,3,2,1,8,0,8,0,0,0,8,0,0,0,7,1
2024-11-04,Hospital Sultan Haji Ahmad Shah,6,0,4,2,0,6,0,6,0,0,0,6,0,0,2,4,0
2024-11-04,Hospital Seberang Jaya,6,1,2,1,2,5,1,6,0,0,0,6,0,0,0,6,0
2024-11-04,Hospital Pulau Pinang,27,10,5,12,0,27,0,25,2,0,0,27,0,0,5,16,6
2024-11-04,Hospital Raja Permaisuri Bainun,32,10,7,12,3,2,30,31,1,0,0,30,0,2,5,16,11
2024-11-04,Hospital Taiping,14,4,4,5,1,14,0,12,2,0,0,14,0,0,0,12,2
2024-11-04,Hospital Seri Manjung,2,0,1,1,0,2,0,2,0,0,0,2,0,0,0,2,0
2024-11-04,Hospital Tengku Ampuan Rahimah,8,2,3,3,0,8,0,8,0,0,0,8,0,0,1,7,0
2024-11-04,Hospital Sultanah Nur Zahirah,28,8,9,9,2,5,23,28,0,0,0,25,2,1,2,21,5
2024-11-04,Hospital Queen Elizabeth II,41,10,7,22,2,5,36,41,0,0,0,39,2,0,13,12,16
2024-11-04,Hospital Duchess Of Kent,16,3,4,6,3,1,15,16,0,0,0,16,0,0,4,11,1
2024-11-04,Hospital Tawau,2,0,1,1,0,2,0,2,0,0,0,2,0,0,0,2,0
2024-11-04,Hospital Umum Sarawak,49,13,12,20,4,49,0,49,0,0,0,48,1,0,2,42,5
2024-11-04,Hospital Miri,8,2,2,3,1,8,0,8,0,0,0,8,0,0,1,7,0
2024-11-04,Hospital Sibu,3,0,2,1,0,3,0,3,0,0,0,3,0,0,1,2,0
2024-11-04,Pusat Darah Negara,310,59,87,147,17,101,209,285,12,13,0,258,49,3,51,200,59
2024-11-05,Hospital Sultanah Nora Ismail,5,3,1,0,1,5,0,4,1,0,0,5,0,0,0,4,1
2024-11-05,Hospital Sultanah Aminah,80,22,18,39,1,21,59,80,0,0,0,51,29,0,35,33,12
2024-11-05,,61,13,17,28,3,6,55,61,0,0,0,58,3,0,22,6,33
2024-11-05,Hospital Sultanah Bahiyah,48,9,15,24,0,10,38,48,0,0,0,43,5,0,10,30,8
2024-11-05,Hospital Raja Perempuan Zainab II,27,4,10,13,0,12,15,27,0,0,0,25,1,1,1,21,5
2024-11-05,Hospital Melaka,105,28,26,46,5,13,92,105,0,0,0,73,32,0,59,39,7
2024-11-05,Hospital Tuanku Jaafar,37,11,7,18,1,17,20,37,0,0,0,37,0,0,6,26,5
2024-11-05,Hospital Tengku Ampuan Afzan,15,3,3,8,1,15,0,14,1,0,0,14,1,0,1,13,1
2024-11-05,Hospital Sultan Haji Ahmad Shah,7,4,1,2,0,7,0,7,0,0,0,5,2,0,1,6,0
2024-11-05,Hospital Seberang Jaya,36,5,9,20,2,6,30,36,0,0,0,34,2,0,5,17,14
2024-11-05,Hospital Pulau Pinang,74,17,15,38,4,30,44,71,3,0,0,73,1,0,4,60,10
2024-11-05,Hospital Raja Permaisuri Bainun,81,15,28,33,5,7,74,80,1,0,0,26,55,0,47,29,5
2024-11-05,Hospital Taiping,18,6,7,3,2,10,8,18,0,0,0,17,1,0,0,17,1
2024-11-05,Hospital Seri Manjung,2,0,1,1,0,2,0,2,0,0,0,2,0,0,1,1,0
2024-11-05,Hospital Tengku Ampuan Rahimah,81,17,29,31,4,14,67,81,0,0,0,78,3,0,39,29,13
2024-11-05,Hospital Sultanah Nur Zahirah,100,23,26,38,13,17,83,100,0,0,0,30,69,1,56,38,6
2024-11-05,Hospital Queen Elizabeth II,40,6,8,25,1,8,32,38,2,0,0,38,2,0,12,19,9
2024-11-05,Hospital Duchess Of Kent,22,4,6,11,1,2,20,22,0,0,0,22,0,0,15,4,3
2024-11-05,Hospital Tawau,6,1,2,2,1,6,0,6,0,0,0,6,0,0,0,6,0
2024-11-05,Hospital Umum Sarawak,83,18,26,30,9,33,50,83,0,0,0,74,9,0,30,50,3
2024-11-05,Hospital Miri,6,0,2,3,1,6,0,6,0,0,0,6,0,0,0,4,2
2024-11-05,Hospital Sibu,14,4,4,5,1,14,0,14,0,0,0,14,0,0,8,5,1
2024-11-05,Pusat Darah Negara,470,99,131,213,27,95,375,445,15,10,0,390,77,3,100,286,84
2024-11-06,Hospital Sultanah Nora Ismail,28,4,13,9,2,9,19,28,0,0,0,23,5,0,6,19,3
2024-11-06,Hospital Sultanah Aminah,75,21,20,27,7,21,54,75,0,0,0,72,3,0,11,51,13
2024-11-06,,98,26,20,41,11,15,83,98,0,0,0,88,10,0,41,13,44
2024-11-06,Hospital Sultanah Bahiyah,33,10,11,8,4,8,25,33,0,0,0,24,7,2,2,21,10
2024-11-06,Hospital Raja Perempuan Zainab II,56,17,18,17,4,14,42,56,0,0,0,48,7,1,14,40,2
2024-11-06,Hospital Melaka,139,38,37,57,7,15,124,139,0,0,0,33,105,1,89,41,9
2024-11-06,Hospital Tuanku Jaafar,39,12,12,15,0,8,31,39,0,0,0,36,1,2,17,18,4
2024-11-06,Hospital Tengku Ampuan Afzan,91,19,32,35,5,9,82,91,0,0,0,76,14,1,13,61,17
2024-11-06,Hospital Sultan Haji Ahmad Shah,7,1,3,3,0,7,0,7,0,0,0,6,1,0,0,6,1
2024-11-06,Hospital Seberang Jaya,58,17,17,21,3,9,49,58,0,0,0,48,10,0,36,14,8
2024-11-06,Hospital Pulau Pinang,64,13,15,26,10,24,40,59,5,0,0,62,2,0,23,34,7
2024-11-06,Hospital Raja Permaisuri Bainun,77,20,25,29,3,13,64,76,1,0,0,72,3,2,15,49,13
2024-11-06,Hospital Taiping,19,4,5,9,1,8,11,18,1,0,0,18,1,0,2,14,3
2024-11-06,Hospital Seri Manjung,18,5,5,8,0,4,14,18,0,0,0,16,2,0,0,16,2
2024-11-06,Hospital Tengku Ampuan Rahimah,67,18,15,32,2,8,59,67,0,0,0,38,29,0,35,24,8
2024-11-06,Hospital Sultanah Nur Zahirah,76,19,25,24,8,6,70,76,0,0,0,25,51,0,57,13,6
2024-11-06,Hospital Queen Elizabeth II,39,11,8,20,0,7,32,37,2,0,0,38,0,1,8,23,8
2024-11-06,Hospital Duchess Of Kent,12,0,6,5,1,5,7,12,0,0,0,11,1,0,2,7,3
2024-11-06,Hospital Tawau,29,6,2,20,1,29,0,29,0,0,0,26,1,2,4,21,4
2024-11-06,Hospital Umum Sarawak,57,19,12,22,4,25,32,57,0,0,0,54,1,2,10,39,8
2024-11-06,Hospital Miri,19,1,7,8,3,4,15,19,0,0,0,16,3,0,7,7,5
2024-11-06,Hospital Sibu,5,1,0,4,0,5,0,5,0,0,0,5,0,0,0,5,0
2024-11-06,Pusat Darah Negara,561,134,156,241,30,77,484,540,14,7,0,516,41,4,87,347,127
2024-11-07,Hospital Sultanah Nora Ismail,3,0,2,1,0,0,3,3,0,0,0,3,0,0,1,2,0
2024-11-07,Hospital Sultanah Aminah,70,22,21,26,1,0,70,70,0,0,0,67,2,1,38,19,13
2024-11-07,Hospital Sultanah Bahiyah,102,23,20,47,12,0,102,102,0,0,0,45,3,54,17,55,30
2024-11-07,Hospital Raja Perempuan Zainab II,52,14,15,23,0,15,37,52,0,0,0,44,6,2,6,36,10
2024-11-07,Hospital Melaka,41,9,8,21,3,0,41,41,0,0,0,40,1,0,5,29,7
2024-11-07,Hospital Tuanku Jaafar,0,0,0,0,0,0,0,0,0,0,0,0,0,0,0,0,0
2024-11-07,Hospital Tengku Ampuan Afzan,94,21,30,39,4,0,94,94,0,0,0,79,15,0,22,52,20
2024-11-07,Hospital Sultan Haji Ahmad Shah,0,0,0,0,0,0,0,0,0,0,0,0,0,0,0,0,0
2024-11-07,Hospital Seberang Jaya,33,10,8,14,1,0,33,33,0,0,0,31,2,0,17,9,7
2024-11-07,Hospital Pulau Pinang,0,0,0,0,0,0,0,0,0,0,0,0,0,0,0,0,0
2024-11-07,Hospital Raja Permaisuri Bainun,3,0,0,3,0,3,0,2,1,0,0,3,0,0,0,3,0
2024-11-07,Hospital Taiping,9,1,3,4,1,9,0,8,1,0,0,7,2,0,1,6,2
2024-11-07,Hospital Seri Manjung,0,0,0,0,0,0,0,0,0,0,0,0,0,0,0,0,0
2024-11-07,Hospital Tengku Ampuan Rahimah,0,0,0,0,0,0,0,0,0,0,0,0,0,0,0,0,0
2024-11-07,Hospital Sultanah Nur Zahirah,104,27,29,39,9,0,104,104,0,0,0,66,3,35,23,31,50
2024-11-07,Hospital Queen Elizabeth II,64,13,14,34,3,0,64,64,0,0,0,34,2,28,16,30,18
2024-11-07,Hospital Duchess Of Kent,4,1,1,2,0,3,1,4,0,0,0,4,0,0,0,4,0
2024-11-07,Hospital Tawau,0,0,0,0,0,0,0,0,0,0,0,0,0,0,0,0,0
2024-11-07,Hospital Umum Sarawak,52,13,17,20,2,0,52,52,0,0,0,44,8,0,36,14,2
2024-11-07,Hospital Miri,10,0,6,4,0,10,0,10,0,0,0,9,1,0,0,9,1
2024-11-07,Hospital Sibu,24,5,5,13,1,0,24,24,0,0,0,23,0,1,4,20,0
2024-11-07,Pusat Darah Negara,232,58,64,98,12,15,217,218,12,2,0,214,16,2,21,162,49
2024-11-08,Hospital Sultanah Nora Ismail,0,0,0,0,0,0,0,0,0,0,0,0,0,0,0,0,0
2024-11-08,Hospital Sultanah Aminah,32,9,13,10,0,0,32,32,0,0,0,32,0,0,4,19,9
2024-11-08,Hospital Sultanah Bahiyah,107,25,35,42,5,0,107,107,0,0,0,31,75,1,37,64,6
2024-11-08,Hospital Raja Perempuan Zainab II,55,14,19,21,1,0,55,55,0,0,0,50,4,1,7,39,9
2024-11-08,Hospital Melaka,9,4,1,4,0,9,0,9,0,0,0,9,0,0,3,5,1
2024-11-08,Hospital Tuanku Jaafar,15,2,6,6,1,15,0,15,0,0,0,15,0,0,2,13,0
2024-11-08,Hospital Tengku Ampuan Afzan,19,2,8,8,1,19,0,19,0,0,0,18,0,1,1,17,1
2024-11-08,Hospital Sultan Haji Ahmad Shah,13,2,4,7,0,13,0,13,0,0,0,11,2,0,0,11,2
2024-11-08,Hospital Seberang Jaya,11,2,4,4,1,11,0,11,0,0,0,10,1,0,0,11,0
2024-11-08,Hospital Pulau Pinang,43,9,10,24,0,43,0,41,2,0,0,40,2,1,4,31,8
2024-11-08,Hospital Raja Permaisuri Bainun,24,7,5,12,0,6,18,23,1,0,0,22,2,0,4,16,4
2024-11-08,Hospital Taiping,9,5,0,4,0,9,0,8,1,0,0,9,0,0,1,7,1
2024-11-08,Hospital Seri Manjung,4,0,1,3,0,4,0,4,0,0,0,3,1,0,0,4,0
2024-11-08,Hospital Tengku Ampuan Rahimah,42,6,17,19,0,8,34,42,0,0,0,40,2,0,11,24,7
2024-11-08,Hospital Sultanah Nur Zahirah,30,5,13,8,4,0,30,30,0,0,0,28,2,0,5,19,6
2024-11-08,Hospital Queen Elizabeth II,29,5,6,17,1,6,23,28,1,0,0,27,2,0,6,20,3
2024-11-08,Hospital Duchess Of Kent,1,1,0,0,0,1,0,1,0,0,0,1,0,0,0,1,0
2024-11-08,Hospital Tawau,7,0,2,5,0,7,0,7,0,0,0,5,2,0,0,3,4
2024-11-08,Hospital Umum Sarawak,58,14,17,25,2,58,0,58,0,0,0,54,3,1,11,45,2
2024-11-08,Hospital Miri,6,1,4,1,0,6,0,6,0,0,0,5,1,0,1,5,0
2024-11-08,Hospital Sibu,4,1,2,1,0,4,0,4,0,0,0,4,0,0,0,3,1
2024-11-08,Pusat Darah Negara,562,124,169,233,36,90,472,535,15,12,0,355,203,4,192,297,73
2024-11-09,Hospital Sultanah Nora Ismail,14,3,6,5,0,0,14,14,0,0,0,14,0,0,2,11,1
2024-11-09,Hospital Sultanah Aminah,126,32,21,66,7,0,126,126,0,0,0,123,2,1,26,82,18
2024-11-09,,61,12,20,26,3,0,61,61,0,0,0,58,2,1,21,19,21
2024-11-09,Hospital Sultanah Bahiyah,69,17,21,30,1,0,69,69,0,0,0,29,38,2,18,46,5
2024-11-09,Hospital Raja Perempuan Zainab II,35,12,8,14,1,0,35,35,0,0,0,31,3,1,4,23,8
2024-11-09,Hospital Melaka,94,25,26,37,6,3,91,94,0,0,0,85,6,3,12,61,21
2024-11-09,Hospital Tuanku Jaafar,0,0,0,0,0,0,0,0,0,0,0,0,0,0,0,0,0
2024-11-09,Hospital Tengku Ampuan Afzan,95,19,39,32,5,0,95,95,0,0,0,88,3,4,6,87,2
2024-11-09,Hospital Sultan Haji Ahmad Shah,43,9,11,22,1,0,43,43,0,0,0,42,0,1,9,27,7
2024-11-09,Hospital Seberang Jaya,0,0,0,0,0,0,0,0,0,0,0,0,0,0,0,0,0
2024-11-09,Hospital Pulau Pinang,65,21,16,26,2,0,65,65,0,0,0,61,4,0,11,34,20
2024-11-09,Hospital Raja Permaisuri Bainun,66,16,19,30,1,0,66,66,0,0,0,63,2,1,2,49,15
2024-11-09,Hospital Taiping,19,4,10,5,0,0,19,19,0,0,0,18,1,0,3,12,4
2024-11-09,Hospital Seri Manjung,53,11,18,22,2,0,53,53,0,0,0,49,4,0,14,16,23
2024-11-09,Hospital Tengku Ampuan Rahimah,161,41,44,63,13,0,161,161,0,0,0,145,13,3,15,115,31
2024-11-09,Hospital Sultanah Nur Zahirah,35,11,9,13,2,0,35,35,0,0,0,32,3,0,5,24,6
2024-11-09,Hospital Queen Elizabeth II,76,16,29,29,2,0,76,76,0,0,0,75,1,0,28,35,13
2024-11-09,Hospital Duchess Of Kent,9,3,2,3,1,0,9,9,0,0,0,7,1,1,1,7,1
2024-11-09,Hospital Tawau,66,10,17,34,5,0,66,66,0,0,0,61,2,3,11,44,11
2024-11-09,Hospital Umum Sarawak,96,23,27,41,5,0,96,96,0,0,0,90,5,1,25,54,17
2024-11-09,Hospital Miri,58,12,15,29,2,0,58,58,0,0,0,55,2,1,1,51,6
2024-11-09,Hospital Sibu,68,20,15,32,1,0,68,68,0,0,0,67,1,0,8,47,13
2024-11-09,Pusat Darah Negara,859,235,234,339,51,124,735,835,12,12,0,650,205,4,174,515,170
2024-11-10,Hospital Sultanah Nora Ismail,63,14,18,27,4,13,50,63,0,0,0,61,2,0,4,51,8
2024-11-10,Hospital Sultanah Aminah,205,50,46,100,9,44,161,205,0,0,0,200,4,1,35,130,40
2024-11-10,,67,16,21,28,2,17,50,67,0,0,0,63,4,0,18,31,18
2024-11-10,Hospital Sultanah Bahiyah,42,9,4,26,3,13,29,41,0,0,1,37,5,0,5,25,12
2024-11-10,Hospital Raja Perempuan Zainab II,54,12,15,25,2,20,34,54,0,0,0,45,9,0,10,37,7
2024-11-10,Hospital Melaka,126,36,36,53,1,0,126,126,0,0,0,120,4,2,24,86,16
2024-11-10,Hospital Tuanku Jaafar,93,25,26,42,0,0,93,93,0,0,0,83,8,2,19,52,22
2024-11-10,Hospital Tengku Ampuan Afzan,136,35,32,55,14,0,136,136,0,0,0,125,10,1,12,112,12
2024-11-10,Hospital Sultan Haji Ahmad Shah,0,0,0,0,0,0,0,0,0,0,0,0,0,0,0,0,0
2024-11-10,Hospital Seberang Jaya,96,27,34,31,4,0,96,96,0,0,0,95,1,0,18,52,26
2024-11-10,Hospital Pulau Pinang,132,34,33,57,8,0,132,132,0,0,0,130,2,0,2,122,8
2024-11-10,Hospital Raja Permaisuri Bainun,122,39,29,45,9,0,122,122,0,0,0,116,1,5,14,86,22
2024-11-10,Hospital Taiping,42,15,8,15,4,0,42,42,0,0,0,40,2,0,2,37,3
2024-11-10,Hospital Seri Manjung,0,0,0,0,0,0,0,0,0,0,0,0,0,0,0,0,0
2024-11-10,Hospital Tengku Ampuan Rahimah,209,52,60,82,15,0,209,209,0,0,0,197,11,1,30,122,57
2024-11-10,Hospital Sultanah Nur Zahirah,46,10,9,22,5,8,38,46,0,0,0,15,31,0,16,25,5
2024-11-10,Hospital Queen Elizabeth II,79,25,14,39,1,0,79,79,0,0,0,75,3,1,11,48,20
2024-11-10,Hospital Duchess Of Kent,26,5,7,13,1,0,26,26,0,0,0,25,1,0,2,22,2
2024-11-10,Hospital Tawau,85,21,21,40,3,0,85,85,0,0,0,80,3,2,11,64,10
2024-11-10,Hospital Umum Sarawak,70,23,20,24,3,0,70,70,0,0,0,64,6,0,6,54,10
2024-11-10,Hospital Miri,41,13,8,17,3,0,41,41,0,0,0,41,0,0,1,37,3
2024-11-10,Hospital Sibu,40,13,6,16,5,0,40,40,0,0,0,37,2,1,2,32,6
2024-11-10,Pusat Darah Negara,979,240,254,436,49,135,844,979,0,0,0,900,73,6,115,679,185
2024-11-11,Hospital Sultanah Nora Ismail,6,0,2,3,1,6,0,6,0,0,0,6,0,0,0,6,0
2024-11-11,Hospital Sultanah Aminah,71,13,23,31,4,20,51,71,0,0,0,68,3,0,16,40,15
2024-11-11,,10,4,1,3,2,10,0,10,0,0,0,10,0,0,2,4,4
2024-11-11,Hospital Sultanah Bahiyah,55,17,18,18,2,10,45,55,0,0,0,55,0,0,9,34,12
2024-11-11,Hospital Raja Perempuan Zainab II,55,10,12,29,4,17,38,55,0,0,0,46,9,0,14,33,8
2024-11-11,Hospital Melaka,159,34,53,64,8,12,147,156,3,0,0,96,62,1,60,75,24
2024-11-11,Hospital Tuanku Jaafar,31,7,10,13,1,31,0,31,0,0,0,30,1,0,3,22,6
2024-11-11,Hospital Tengku Ampuan Afzan,8,2,1,3,2,8,0,7,1,0,0,8,0,0,1,6,1
2024-11-11,Hospital Sultan Haji Ahmad Shah,6,2,2,2,0,6,0,6,0,0,0,6,0,0,0,3,3
2024-11-11,Hospital Seberang Jaya,15,3,4,7,1,11,4,15,0,0,0,13,1,1,1,13,1
2024-11-11,Hospital Pulau Pinang,44,9,14,20,1,44,0,40,4,0,0,42,2,0,3,34,7
2024-11-11,Hospital Raja Permaisuri Bainun,37,7,14,11,5,8,29,36,1,0,0,32,2,3,4,30,3
2024-11-11,Hospital Taiping,11,3,2,6,0,11,0,10,1,0,0,10,0,1,0,10,1
2024-11-11,Hospital Seri Manjung,1,0,0,1,0,1,0,1,0,0,0,0,1,0,0,1,0
2024-11-11,Hospital Tengku Ampuan Rahimah,10,4,2,4,0,10,0,7,3,0,0,8,1,1,0,10,0
2024-11-11,Hospital Sultanah Nur Zahirah,119,32,31,46,10,7,112,119,0,0,0,87,1,31,27,81,11
2024-11-11,Hospital Queen Elizabeth II,20,2,5,13,0,7,13,20,0,0,0,19,0,1,7,12,1
2024-11-11,Hospital Duchess Of Kent,3,0,0,3,0,3,0,3,0,0,0,3,0,0,2,1,0
2024-11-11,Hospital Tawau,7,0,4,2,1,7,0,7,0,0,0,7,0,0,0,5,2
2024-11-11,Hospital Umum Sarawak,40,7,13,18,2,40,0,40,0,0,0,40,0,0,1,37,2
2024-11-11,Hospital Miri,9,3,0,6,0,9,0,9,0,0,0,9,0,0,1,7,1
2024-11-11,Hospital Sibu,2,0,1,0,1,2,0,2,0,0,0,2,0,0,0,2,0
2024-11-11,Pusat Darah Negara,326,84,83,131,28,80,246,316,9,1,0,243,80,3,73,193,60
2024-11-12,Hospital Sultanah Nora Ismail,8,4,2,2,0,8,0,8,0,0,0,8,0,0,0,8,0
2024-11-12,Hospital Sultanah Aminah,84,17,26,39,2,28,56,84,0,0,0,80,4,0,16,50,18
2024-11-12,,13,2,6,3,2,13,0,13,0,0,0,12,1,0,6,4,3
2024-11-12,Hospital Sultanah Bahiyah,106,29,29,44,4,7,99,106,0,0,0,42,2,62,52,20,34
2024-11-12,Hospital Raja Perempuan Zainab II,67,16,18,29,4,19,48,66,1,0,0,52,15,0,20,42,5
2024-11-12,Hospital Melaka,42,11,13,16,2,6,36,42,0,0,0,40,1,1,8,18,16
2024-11-12,Hospital Tuanku Jaafar,17,6,4,7,0,17,0,17,0,0,0,15,2,0,0,15,2
2024-11-12,Hospital Tengku Ampuan Afzan,49,19,12,18,0,16,33,49,0,0,0,47,1,1,12,27,10
2024-11-12,Hospital Sultan Haji Ahmad Shah,75,15,23,37,0,11,64,75,0,0,0,63,12,0,46,21,8
2024-11-12,Hospital Seberang Jaya,16,3,6,7,0,12,4,16,0,0,0,14,2,0,0,14,2
2024-11-12,Hospital Pulau Pinang,72,17,18,31,6,36,36,70,2,0,0,68,4,0,7,53,12
2024-11-12,Hospital Raja Permaisuri Bainun,88,12,28,42,6,9,79,87,1,0,0,61,26,1,20,51,17
2024-11-12,Hospital Taiping,22,5,9,5,3,9,13,21,1,0,0,21,0,1,6,12,4
2024-11-12,Hospital Seri Manjung,1,1,0,0,0,1,0,1,0,0,0,1,0,0,0,1,0
2024-11-12,Hospital Tengku Ampuan Rahimah,84,18,19,44,3,7,77,84,0,0,0,81,3,0,28,17,39
2024-11-12,Hospital Sultanah Nur Zahirah,56,13,16,24,3,7,49,56,0,0,0,18,38,0,44,5,7
2024-11-12,Hospital Queen Elizabeth II,88,19,20,44,5,5,83,87,1,0,0,84,3,1,9,60,19
2024-11-12,Hospital Duchess Of Kent,4,0,1,3,0,4,0,4,0,0,0,4,0,0,0,1,3
2024-11-12,Hospital Tawau,7,2,0,5,0,7,0,7,0,0,0,6,0,1,0,7,0
2024-11-12,Hospital Umum Sarawak,71,16,19,30,6,26,45,70,1,0,0,69,2,0,15,46,10
2024-11-12,Hospital Miri,8,2,2,4,0,8,0,7,1,0,0,8,0,0,1,7,0
2024-11-12,Hospital Sibu,4,0,0,4,0,4,0,4,0,0,0,4,0,0,0,4,0
2024-11-12,Pusat Darah Negara,311,58,95,141,17,80,231,301,9,1,0,257,51,3,80,178,53
2024-11-13,Hospital Sultanah Nora Ismail,52,7,13,30,2,13,39,52,0,0,0,45,7,0,20,14,18
2024-11-13,Hospital Sultanah Aminah,102,23,31,40,8,22,80,102,0,0,0,100,0,2,28,43,31
2024-11-13,,55,16,11,22,6,10,45,55,0,0,0,53,2,0,41,5,9
2024-11-13,Hospital Sultanah Bahiyah,70,20,21,25,4,7,63,70,0,0,0,12,1,57,28,25,17
2024-11-13,Hospital Raja Perempuan Zainab II,40,9,13,16,2,20,20,40,0,0,0,35,5,0,14,25,1
2024-11-13,Hospital Melaka,44,12,15,16,1,10,34,44,0,0,0,44,0,0,23,11,10
2024-11-13,Hospital Tuanku Jaafar,58,13,13,29,3,13,45,58,0,0,0,50,5,3,13,26,19
2024-11-13,Hospital Tengku Ampuan Afzan,10,2,5,3,0,10,0,10,0,0,0,9,1,0,0,8,2
2024-11-13,Hospital Sultan Haji Ahmad Shah,10,3,4,3,0,10,0,10,0,0,0,10,0,0,0,10,0
2024-11-13,Hospital Seberang Jaya,57,12,18,24,3,9,48,57,0,0,0,55,2,0,7,41,9
2024-11-13,Hospital Pulau Pinang,115,29,31,51,4,30,85,112,3,0,0,111,4,0,9,84,22
2024-11-13,Hospital Raja Permaisuri Bainun,103,19,31,45,8,6,97,102,1,0,0,73,30,0,40,47,16
2024-11-13,Hospital Taiping,12,2,2,8,0,8,4,10,2,0,0,12,0,0,1,11,0
2024-11-13,Hospital Seri Manjung,38,10,14,13,1,4,34,38,0,0,0,37,1,0,11,23,4
2024-11-13,Hospital Tengku Ampuan Rahimah,46,10,15,20,1,11,35,46,0,0,0,44,2,0,10,24,12
2024-11-13,Hospital Sultanah Nur Zahirah,33,10,10,12,1,6,27,32,1,0,0,32,1,0,3,24,6
2024-11-13,Hospital Queen Elizabeth II,107,19,28,51,9,4,103,107,0,0,0,77,3,27,24,53,30
2024-11-13,Hospital Duchess Of Kent,9,3,1,5,0,2,7,9,0,0,0,8,1,0,0,8,1
2024-11-13,Hospital Tawau,88,16,31,36,5,5,83,88,0,0,0,6,0,82,52,11,25
2024-11-13,Hospital Umum Sarawak,92,19,34,31,8,24,68,92,0,0,0,34,2,56,28,42,22
2024-11-13,Hospital Miri,9,1,2,5,1,9,0,9,0,0,0,8,0,1,0,8,1
2024-11-13,Hospital Sibu,67,13,19,27,8,3,64,67,0,0,0,54,0,13,26,18,23
2024-11-13,Pusat Darah Negara,563,135,166,238,24,105,458,543,14,6,0,394,162,7,166,269,128
2024-11-14,Hospital Sultanah Nora Ismail,74,9,14,49,2,8,66,74,0,0,0,50,24,0,21,46,7
2024-11-14,Hospital Sultanah Aminah,70,17,21,24,8,14,56,70,0,0,0,66,3,1,12,45,13
2024-11-14,,14,3,3,7,1,14,0,13,1,0,0,14,0,0,6,2,6
2024-11-14,Hospital Sultanah Bahiyah,99,26,28,38,7,8,91,99,0,0,0,26,1,72,43,18,38
2024-11-14,Hospital Raja Perempuan Zainab II,25,10,5,10,0,11,14,25,0,0,0,25,0,0,4,14,7
2024-11-14,Hospital Melaka,55,14,20,17,4,13,42,55,0,0,0,52,3,0,6,37,12
2024-11-14,Hospital Tuanku Jaafar,69,20,21,28,0,14,55,69,0,0,0,67,1,1,13,36,20
2024-11-14,Hospital Tengku Ampuan Afzan,71,15,19,24,13,4,67,71,0,0,0,70,1,0,20,37,14
2024-11-14,Hospital Sultan Haji Ahmad Shah,49,12,15,19,3,6,43,49,0,0,0,48,1,0,36,6,7
2024-11-14,Hospital Seberang Jaya,45,10,10,23,2,5,40,45,0,0,0,45,0,0,9,27,9
2024-11-14,Hospital Pulau Pinang,73,16,20,29,8,35,38,70,3,0,0,70,3,0,13,48,12
2024-11-14,Hospital Raja Permaisuri Bainun,99,28,28,36,7,7,92,98,1,0,0,31,1,67,18,57,24
2024-11-14,Hospital Taiping,16,1,9,5,1,8,8,15,1,0,0,14,1,1,1,14,1
2024-11-14,Hospital Seri Manjung,13,4,5,4,0,1,12,13,0,0,0,12,1,0,6,4,3
2024-11-14,Hospital Tengku Ampuan Rahimah,165,42,57,60,6,0,165,165,0,0,0,158,7,0,44,71,50
2024-11-14,Hospital Sultanah Nur Zahirah,113,27,31,48,7,12,101,113,0,0,0,55,58,0,34,69,10
2024-11-14,Hospital Queen Elizabeth II,63,11,20,28,4,6,57,62,1,0,0,54,3,6,15,40,8
2024-11-14,Hospital Duchess Of Kent,14,3,3,7,1,2,12,14,0,0,0,14,0,0,5,9,0
2024-11-14,Hospital Tawau,2,0,0,2,0,2,0,2,0,0,0,2,0,0,0,2,0
2024-11-14,Hospital Umum Sarawak,91,20,25,38,8,36,55,91,0,0,0,89,2,0,25,44,22
2024-11-14,Hospital Miri,6,3,0,3,0,6,0,6,0,0,0,6,0,0,0,6,0
2024-11-14,Hospital Sibu,5,1,1,2,1,5,0,5,0,0,0,5,0,0,0,5,0
2024-11-14,Pusat Darah Negara,500,129,135,212,24,89,411,485,9,5,1,446,47,7,87,305,108
2024-11-15,Hospital Sultanah Nora Ismail,0,0,0,0,0,0,0,0,0,0,0,0,0,0,0,0,0
2024-11-15,Hospital Sultanah Aminah,24,5,4,14,1,0,24,24,0,0,0,21,2,1,3,17,4
2024-11-15,Hospital Sultanah Bahiyah,127,36,41,43,7,0,127,127,0,0,0,92,32,3,31,79,17
2024-11-15,Hospital Raja Perempuan Zainab II,0,0,0,0,0,0,0,0,0,0,0,0,0,0,0,0,0
2024-11-15,Hospital Melaka,10,6,1,3,0,10,0,10,0,0,0,9,1,0,0,9,1
2024-11-15,Hospital Tuanku Jaafar,18,7,7,3,1,18,0,18,0,0,0,17,1,0,0,15,3
2024-11-15,Hospital Tengku Ampuan Afzan,9,1,3,5,0,9,0,9,0,0,0,9,0,0,0,9,0
2024-11-15,Hospital Sultan Haji Ahmad Shah,13,4,5,4,0,13,0,13,0,0,0,11,2,0,0,10,3
2024-11-15,Hospital Seberang Jaya,14,5,1,5,3,14,0,14,0,0,0,14,0,0,1,12,1
2024-11-15,Hospital Pulau Pinang,36,5,9,19,3,36,0,33,3,0,0,33,3,0,1,33,2
2024-11-15,,1,0,0,1,0,1,0,1,0,0,0,1,0,0,0,1,0
2024-11-15,Hospital Raja Permaisuri Bainun,15,2,3,10,0,7,8,13,2,0,0,11,4,0,0,15,0
2024-11-15,Hospital Taiping,7,1,1,3,2,7,0,5,2,0,0,7,0,0,0,7,0
2024-11-15,Hospital Seri Manjung,4,2,1,1,0,4,0,4,0,0,0,3,1,0,0,3,1
2024-11-15,Hospital Tengku Ampuan Rahimah,102,27,22,46,7,13,89,99,3,0,0,94,8,0,36,46,20
2024-11-15,Hospital Sultanah Nur Zahirah,92,17,31,38,6,0,92,92,0,0,0,45,47,0,28,52,12
2024-11-15,Hospital Queen Elizabeth II,69,19,8,40,2,7,62,69,0,0,0,59,9,1,26,34,9
2024-11-15,Hospital Duchess Of Kent,2,0,1,1,0,2,0,2,0,0,0,2,0,0,0,2,0
2024-11-15,Hospital Tawau,2,0,1,1,0,2,0,2,0,0,0,2,0,0,0,2,0
2024-11-15,Hospital Umum Sarawak,24,5,7,11,1,24,0,24,0,0,0,22,2,0,3,19,2
2024-11-15,Hospital Miri,9,3,1,5,0,9,0,9,0,0,0,9,0,0,0,9,0
2024-11-15,Hospital Sibu,4,2,1,1,0,4,0,4,0,0,0,4,0,0,0,3,1
2024-11-15,Pusat Darah Negara,296,68,74,127,27,84,212,270,14,12,0,270,20,6,42,179,75
2024-11-16,Hospital Sultanah Nora Ismail,57,14,13,29,1,0,57,57,0,0,0,19,38,0,22,25,10
2024-11-16,Hospital Sultanah Aminah,128,29,35,55,9,0,128,128,0,0,0,119,9,0,28,72,28
2024-11-16,,37,9,11,16,1,0,37,37,0,0,0,35,2,0,13,11,13
2024-11-16,Hospital Sultanah Bahiyah,63,17,15,27,4,0,63,63,0,0,0,25,38,0,17,41,5
2024-11-16,Hospital Raja Perempuan Zainab II,94,26,25,38,5,0,94,94,0,0,0,80,9,5,26,44,24
2024-11-16,Hospital Melaka,86,19,25,38,4,9,77,86,0,0,0,76,7,3,10,59,17
2024-11-16,Hospital Tuanku Jaafar,82,22,15,39,6,0,82,82,0,0,0,71,10,1,17,46,19
2024-11-16,Hospital Tengku Ampuan Afzan,67,16,16,32,3,0,67,67,0,0,0,61,6,0,4,52,11
2024-11-16,Hospital Sultan Haji Ahmad Shah,0,0,0,0,0,0,0,0,0,0,0,0,0,0,0,0,0
2024-11-16,Hospital Seberang Jaya,29,6,10,9,4,0,29,29,0,0,0,29,0,0,12,12,5
2024-11-16,Hospital Pulau Pinang,106,32,20,48,6,59,47,106,0,0,0,102,4,0,32,47,27
2024-11-16,Hospital Raja Permaisuri Bainun,80,22,18,34,6,0,80,80,0,0,0,72,3,5,9,59,12
2024-11-16,Hospital Taiping,27,2,12,10,3,0,27,27,0,0,0,26,1,0,7,17,3
2024-11-16,Hospital Seri Manjung,40,11,8,19,2,0,40,40,0,0,0,31,7,2,2,36,2
2024-11-16,Hospital Tengku Ampuan Rahimah,136,27,38,63,8,0,136,136,0,0,0,121,15,0,19,94,23
2024-11-16,Hospital Sultanah Nur Zahirah,21,3,5,11,2,0,21,21,0,0,0,19,2,0,1,13,7
2024-11-16,Hospital Queen Elizabeth II,1124,261,258,544,61,0,1124,1124,0,0,0,1039,42,43,171,751,202
2024-11-16,Hospital Duchess Of Kent,51,16,11,21,3,0,51,51,0,0,0,49,1,1,17,25,9
2024-11-16,Hospital Tawau,41,4,15,20,2,0,41,41,0,0,0,39,1,1,4,33,4
2024-11-16,Hospital Umum Sarawak,75,19,24,26,6,0,75,75,0,0,0,73,2,0,13,49,13
2024-11-16,Hospital Miri,76,21,13,39,3,0,76,76,0,0,0,70,3,3,12,56,8
2024-11-16,Hospital Sibu,21,3,7,10,1,0,21,21,0,0,0,20,0,1,5,14,2
2024-11-16,Pusat Darah Negara,559,134,146,247,32,163,396,529,15,15,0,491,61,7,77,393,89
2024-11-17,Hospital Sultanah Nora Ismail,82,19,12,42,9,16,66,82,0,0,0,75,7,0,10,59,13
2024-11-17,Hospital Sultanah Aminah,137,36,36,55,10,69,68,137,0,0,0,133,4,0,22,92,23
2024-11-17,,62,19,14,27,2,18,44,62,0,0,0,61,1,0,30,16,16
2024-11-17,Hospital Sultanah Bahiyah,87,12,28,40,7,11,76,87,0,0,0,78,9,0,14,44,29
2024-11-17,Hospital Raja Perempuan Zainab II,51,12,18,20,1,31,20,50,1,0,0,44,7,0,8,35,8
2024-11-17,Hospital Melaka,193,52,50,83,8,0,193,193,0,0,0,174,15,4,24,133,36
2024-11-17,Hospital Tuanku Jaafar,19,3,6,9,1,0,19,19,0,0,0,19,0,0,2,14,3
2024-11-17,Hospital Tengku Ampuan Afzan,76,22,19,28,7,0,76,76,0,0,0,69,6,1,8,59,9
2024-11-17,Hospital Sultan Haji Ahmad Shah,56,16,16,22,2,0,56,56,0,0,0,50,6,0,6,40,10
2024-11-17,Hospital Seberang Jaya,119,35,27,47,10,0,119,119,0,0,0,116,3,0,20,77,22
2024-11-17,Hospital Pulau Pinang,129,34,26,60,9,0,129,129,0,0,0,127,2,0,23,89,17
2024-11-17,Hospital Raja Permaisuri Bainun,285,75,82,114,14,0,285,285,0,0,0,275,7,3,13,235,37
2024-11-17,Hospital Taiping,86,29,28,26,3,0,86,86,0,0,0,59,27,0,39,35,12
2024-11-17,Hospital Seri Manjung,37,8,15,13,1,0,37,37,0,0,0,35,1,1,5,28,4
2024-11-17,Hospital Tengku Ampuan Rahimah,262,66,71,109,16,0,262,262,0,0,0,250,12,0,33,170,59
2024-11-17,Hospital Sultanah Nur Zahirah,66,16,20,24,6,13,53,66,0,0,0,18,48,0,21,42,3
2024-11-17,Hospital Queen Elizabeth II,0,0,0,0,0,0,0,0,0,0,0,0,0,0,0,0,0
2024-11-17,Hospital Duchess Of Kent,135,33,29,64,9,0,135,135,0,0,0,131,3,1,17,100,18
2024-11-17,Hospital Tawau,15,2,3,7,3,0,15,15,0,0,0,15,0,0,4,9,2
2024-11-17,Hospital Umum Sarawak,150,43,41,59,7,0,150,150,0,0,0,141,8,1,13,129,8
2024-11-17,Hospital Miri,78,19,24,32,3,0,78,78,0,0,0,70,8,0,6,61,11
2024-11-17,Hospital Sibu,31,10,9,11,1,0,31,31,0,0,0,29,2,0,5,24,2
2024-11-17,Pusat Darah Negara,871,210,233,378,50,150,721,871,0,0,0,809,59,3,101,609,161
2024-11-18,Hospital Sultanah Nora Ismail,9,3,2,4,0,9,0,9,0,0,0,9,0,0,0,8,1
2024-11-18,Hospital Sultanah Aminah,124,33,39,50,2,34,90,124,0,0,0,119,5,0,22,71,31
2024-11-18,,13,0,2,10,1,13,0,13,0,0,0,13,0,0,2,2,9
2024-11-18,Hospital Sultanah Bahiyah,48,8,16,19,5,10,38,48,0,0,0,31,17,0,11,31,6
2024-11-18,Hospital Raja Perempuan Zainab II,28,7,5,12,4,15,13,28,0,0,0,18,10,0,3,19,6
2024-11-18,Hospital Melaka,185,43,47,86,9,15,170,184,1,0,0,66,3,116,71,64,50
2024-11-18,Hospital Tuanku Jaafar,17,1,6,9,1,17,0,17,0,0,0,17,0,0,1,16,0
2024-11-18,Hospital Tengku Ampuan Afzan,9,1,1,7,0,9,0,9,0,0,0,8,1,0,0,8,1
2024-11-18,Hospital Sultan Haji Ahmad Shah,96,17,33,45,1,10,86,96,0,0,0,64,3,29,33,34,29
2024-11-18,Hospital Seberang Jaya,6,2,2,2,0,4,2,6,0,0,0,6,0,0,0,5,1
2024-11-18,Hospital Pulau Pinang,55,15,16,18,6,55,0,53,2,0,0,53,2,0,5,47,3
2024-11-18,Hospital Raja Permaisuri Bainun,76,20,16,35,5,10,66,75,1,0,0,33,43,0,12,60,4
2024-11-18,Hospital Taiping,7,1,1,4,1,7,0,6,1,0,0,7,0,0,1,6,0
2024-11-18,Hospital Seri Manjung,2,0,0,2,0,2,0,2,0,0,0,2,0,0,0,2,0
2024-11-18,Hospital Tengku Ampuan Rahimah,10,1,1,7,1,10,0,9,1,0,0,10,0,0,1,6,3
2024-11-18,Hospital Sultanah Nur Zahirah,46,9,12,22,3,16,30,46,0,0,0,43,2,1,4,34,8
2024-11-18,Hospital Queen Elizabeth II,2,1,0,1,0,2,0,2,0,0,0,2,0,0,0,1,1
2024-11-18,Hospital Duchess Of Kent,21,5,2,13,1,0,21,21,0,0,0,21,0,0,5,15,1
2024-11-18,Hospital Tawau,6,0,1,5,0,6,0,6,0,0,0,5,1,0,0,5,1
2024-11-18,Hospital Umum Sarawak,36,9,9,17,1,36,0,36,0,0,0,34,2,0,0,31,5
2024-11-18,Hospital Miri,8,4,0,4,0,8,0,8,0,0,0,8,0,0,2,6,0
2024-11-18,Hospital Sibu,5,2,1,0,2,5,0,5,0,0,0,3,2,0,0,3,2
2024-11-18,Pusat Darah Negara,456,127,116,189,24,112,344,438,9,9,0,427,26,3,78,274,104
2024-11-19,Hospital Sultanah Nora Ismail,38,8,12,15,3,4,34,38,0,0,0,30,8,0,15,16,7
2024-11-19,Hospital Sultanah Aminah,91,19,33,32,7,22,69,91,0,0,0,89,2,0,20,56,15
2024-11-19,,44,11,16,14,3,10,34,44,0,0,0,41,3,0,18,3,23
2024-11-19,Hospital Sultanah Bahiyah,75,17,28,25,5,12,63,75,0,0,0,24,50,1,33,33,9
2024-11-19,Hospital Raja Perempuan Zainab II,26,13,5,7,1,26,0,24,2,0,0,18,8,0,1,24,1
2024-11-19,Hospital Melaka,18,5,5,8,0,18,0,16,2,0,0,17,1,0,1,15,2
2024-11-19,Hospital Tuanku Jaafar,19,4,3,11,1,19,0,19,0,0,0,17,2,0,0,17,2
2024-11-19,Hospital Tengku Ampuan Afzan,5,2,1,2,0,5,0,5,0,0,0,5,0,0,0,3,2
2024-11-19,Hospital Sultan Haji Ahmad Shah,35,7,12,12,4,2,33,35,0,0,0,35,0,0,16,8,11
2024-11-19,Hospital Seberang Jaya,107,26,24,51,6,8,99,107,0,0,0,106,1,0,37,46,24
2024-11-19,Hospital Pulau Pinang,110,22,35,44,9,52,58,107,3,0,0,104,6,0,13,75,22
2024-11-19,,2,0,0,2,0,2,0,2,0,0,0,2,0,0,0,2,0
2024-11-19,Hospital Raja Permaisuri Bainun,90,16,20,49,5,16,74,89,1,0,0,37,53,0,20,58,12
2024-11-19,Hospital Taiping,64,16,22,22,4,7,57,63,1,0,0,8,0,56,23,26,15
2024-11-19,Hospital Seri Manjung,6,3,3,0,0,6,0,6,0,0,0,5,1,0,0,5,1
2024-11-19,Hospital Tengku Ampuan Rahimah,77,17,19,35,6,0,77,77,0,0,0,73,4,0,11,46,20
2024-11-19,Hospital Sultanah Nur Zahirah,93,24,25,38,6,8,85,92,1,0,0,86,7,0,21,60,12
2024-11-19,Hospital Queen Elizabeth II,149,33,30,81,5,3,146,149,0,0,0,146,3,0,36,86,27
2024-11-19,Hospital Duchess Of Kent,0,0,0,0,0,0,0,0,0,0,0,0,0,0,0,0,0
2024-11-19,Hospital Tawau,12,2,4,6,0,12,0,12,0,0,0,12,0,0,4,7,1
2024-11-19,Hospital Umum Sarawak,75,23,19,27,6,33,42,75,0,0,0,72,3,0,6,63,6
2024-11-19,Hospital Miri,6,2,3,1,0,6,0,6,0,0,0,6,0,0,1,5,0
2024-11-19,Hospital Sibu,6,2,2,2,0,6,0,6,0,0,0,6,0,0,0,6,0
2024-11-19,Pusat Darah Negara,559,149,157,232,21,83,476,538,15,6,0,496,59,4,153,277,129
2024-11-20,Hospital Sultanah Nora Ismail,4,1,1,2,0,4,0,4,0,0,0,4,0,0,1,2,1
2024-11-20,Hospital Sultanah Aminah,90,20,25,39,6,31,59,90,0,0,0,84,6,0,15,64,11
2024-11-20,,52,15,13,21,3,10,42,52,0,0,0,50,2,0,22,5,25
2024-11-20,Hospital Sultanah Bahiyah,57,11,15,26,5,7,50,57,0,0,0,12,45,0,27,21,9
2024-11-20,Hospital Raja Perempuan Zainab II,42,12,8,18,4,16,26,41,1,0,0,38,4,0,5,31,6
2024-11-20,Hospital Melaka,123,29,29,58,7,11,112,123,0,0,0,114,9,0,38,29,56
2024-11-20,Hospital Tuanku Jaafar,62,18,16,25,3,16,46,62,0,0,0,60,2,0,27,16,19
2024-11-20,Hospital Tengku Ampuan Afzan,40,13,11,14,2,8,32,39,1,0,0,35,4,1,7,26,7
2024-11-20,Hospital Sultan Haji Ahmad Shah,2,1,0,1,0,2,0,2,0,0,0,2,0,0,0,1,1
2024-11-20,Hospital Seberang Jaya,33,7,10,16,0,11,22,33,0,0,0,32,1,0,6,22,5
2024-11-20,Hospital Pulau Pinang,65,13,19,31,2,37,28,62,3,0,0,64,1,0,8,43,14
2024-11-20,,1,0,0,1,0,1,0,1,0,0,0,1,0,0,0,1,0
2024-11-20,Hospital Raja Permaisuri Bainun,112,23,29,57,3,12,100,111,1,0,0,35,77,0,33,71,8
2024-11-20,Hospital Taiping,34,9,10,15,0,10,24,34,0,0,0,16,18,0,16,15,3
2024-11-20,Hospital Seri Manjung,1,0,0,1,0,1,0,1,0,0,0,1,0,0,0,1,0
2024-11-20,Hospital Tengku Ampuan Rahimah,66,17,23,25,1,0,66,66,0,0,0,61,4,1,11,37,18
2024-11-20,Hospital Sultanah Nur Zahirah,7,2,2,3,0,7,0,7,0,0,0,7,0,0,1,6,0
2024-11-20,Hospital Queen Elizabeth II,51,10,13,25,3,5,46,49,2,0,0,46,2,3,10,34,7
2024-11-20,Hospital Duchess Of Kent,35,8,8,19,0,2,33,35,0,0,0,35,0,0,10,23,2
2024-11-20,Hospital Tawau,1,1,0,0,0,1,0,1,0,0,0,1,0,0,0,1,0
2024-11-20,Hospital Umum Sarawak,44,6,12,22,4,27,17,44,0,0,0,37,7,0,8,28,8
2024-11-20,Hospital Miri,6,0,0,5,1,6,0,6,0,0,0,6,0,0,1,4,1
2024-11-20,Hospital Sibu,5,1,0,3,1,5,0,5,0,0,0,5,0,0,1,4,0
2024-11-20,Pusat Darah Negara,623,163,173,248,39,86,537,599,15,9,0,467,152,4,182,269,172
2024-11-21,Hospital Sultanah Nora Ismail,8,1,3,4,0,8,0,8,0,0,0,8,0,0,2,6,0
2024-11-21,Hospital Sultanah Aminah,72,14,25,31,2,30,42,71,1,0,0,69,3,0,18,43,11
2024-11-21,,5,2,2,1,0,5,0,4,1,0,0,5,0,0,2,2,1
2024-11-21,Hospital Sultanah Bahiyah,56,15,16,23,2,0,56,56,0,0,0,48,8,0,10,30,16
2024-11-21,Hospital Raja Perempuan Zainab II,25,5,5,13,2,11,14,25,0,0,0,23,2,0,6,14,5
2024-11-21,Hospital Melaka,40,7,13,19,1,11,29,40,0,0,0,30,10,0,6,30,4
2024-11-21,Hospital Tuanku Jaafar,41,11,8,15,7,23,18,41,0,0,0,38,2,1,5,30,6
2024-11-21,Hospital Tengku Ampuan Afzan,100,29,23,45,3,15,85,100,0,0,0,94,5,1,20,61,19
2024-11-21,Hospital Sultan Haji Ahmad Shah,4,3,1,0,0,4,0,4,0,0,0,4,0,0,0,4,0
2024-11-21,Hospital Seberang Jaya,93,24,24,39,6,7,86,93,0,0,0,90,3,0,27,37,29
2024-11-21,Hospital Pulau Pinang,120,33,31,47,9,45,75,116,4,0,0,116,4,0,37,65,18
2024-11-21,,1,0,0,1,0,1,0,1,0,0,0,1,0,0,0,1,0
2024-11-21,Hospital Raja Permaisuri Bainun,116,27,21,66,2,9,107,115,1,0,0,27,88,1,31,80,5
2024-11-21,Hospital Taiping,9,5,4,0,0,9,0,8,1,0,0,8,1,0,1,6,2
2024-11-21,Hospital Seri Manjung,16,4,4,6,2,0,16,16,0,0,0,15,0,1,2,13,1
2024-11-21,Hospital Tengku Ampuan Rahimah,79,16,24,35,4,14,65,79,0,0,0,77,2,0,23,32,24
2024-11-21,Hospital Sultanah Nur Zahirah,71,10,23,35,3,4,67,71,0,0,0,60,11,0,18,36,17
2024-11-21,Hospital Queen Elizabeth II,56,8,13,30,5,0,56,56,0,0,0,55,0,1,8,35,13
2024-11-21,Hospital Duchess Of Kent,4,0,2,2,0,0,4,4,0,0,0,3,1,0,2,1,1
2024-11-21,Hospital Tawau,16,3,7,4,2,5,11,16,0,0,0,15,0,1,4,8,4
2024-11-21,Hospital Umum Sarawak,57,17,14,22,4,28,29,57,0,0,0,56,1,0,6,47,4
2024-11-21,Hospital Miri,30,5,9,14,2,4,26,30,0,0,0,28,2,0,5,16,9
2024-11-21,Hospital Sibu,21,6,4,10,1,3,18,21,0,0,0,17,4,0,1,19,1
2024-11-21,Pusat Darah Negara,519,119,133,241,26,80,439,501,12,6,0,411,102,6,132,258,129
2024-11-22,Hospital Sultanah Nora Ismail,0,0,0,0,0,0,0,0,0,0,0,0,0,0,0,0,0
2024-11-22,Hospital Sultanah Aminah,0,0,0,0,0,0,0,0,0,0,0,0,0,0,0,0,0
2024-11-22,,32,12,5,13,2,0,32,32,0,0,0,31,0,1,4,22,6
2024-11-22,Hospital Sultanah Bahiyah,35,9,8,16,2,0,35,35,0,0,0,33,2,0,4,26,5
2024-11-22,Hospital Raja Perempuan Zainab II,0,0,0,0,0,0,0,0,0,0,0,0,0,0,0,0,0
2024-11-22,Hospital Melaka,10,4,1,4,1,10,0,10,0,0,0,10,0,0,1,8,1
2024-11-22,Hospital Tuanku Jaafar,16,2,5,9,0,16,0,16,0,0,0,16,0,0,0,15,1
2024-11-22,Hospital Tengku Ampuan Afzan,14,4,3,6,1,14,0,13,1,0,0,12,1,1,4,10,0
2024-11-22,Hospital Sultan Haji Ahmad Shah,4,0,1,3,0,4,0,4,0,0,0,4,0,0,0,4,0
2024-11-22,Hospital Seberang Jaya,14,3,3,7,1,14,0,14,0,0,0,14,0,0,0,13,1
2024-11-22,Hospital Pulau Pinang,63,17,15,25,6,63,0,60,3,0,0,56,7,0,6,47,10
2024-11-22,Hospital Raja Permaisuri Bainun,33,14,8,10,1,8,25,32,1,0,0,29,4,0,2,30,1
2024-11-22,Hospital Taiping,46,14,11,20,1,12,34,45,1,0,0,17,0,29,3,36,7
2024-11-22,Hospital Seri Manjung,0,0,0,0,0,0,0,0,0,0,0,0,0,0,0,0,0
2024-11-22,Hospital Tengku Ampuan Rahimah,57,20,14,22,1,5,52,56,1,0,0,51,6,0,3,37,17
2024-11-22,Hospital Sultanah Nur Zahirah,59,11,21,20,7,0,59,59,0,0,0,52,7,0,4,40,15
2024-11-22,Hospital Queen Elizabeth II,46,8,13,25,0,5,41,46,0,0,0,45,1,0,2,28,16
2024-11-22,Hospital Duchess Of Kent,1,0,0,1,0,1,0,1,0,0,0,1,0,0,0,1,0
2024-11-22,Hospital Tawau,7,2,1,2,2,7,0,7,0,0,0,6,1,0,0,6,1
2024-11-22,Hospital Umum Sarawak,16,4,8,2,2,16,0,16,0,0,0,14,1,1,0,14,2
2024-11-22,Hospital Miri,5,0,2,2,1,5,0,5,0,0,0,4,1,0,2,2,1
2024-11-22,Hospital Sibu,4,1,0,3,0,4,0,3,1,0,0,3,1,0,1,3,0
2024-11-22,Pusat Darah Negara,379,101,92,159,27,95,284,355,15,9,0,339,39,1,71,255,53
2024-11-23,Hospital Sultanah Nora Ismail,60,14,14,30,2,0,60,60,0,0,0,60,0,0,21,27,12
2024-11-23,Hospital Sultanah Aminah,115,25,32,55,3,0,115,115,0,0,0,105,10,0,39,46,30
2024-11-23,,56,15,15,24,2,0,56,56,0,0,0,52,4,0,7,39,10
2024-11-23,Hospital Sultanah Bahiyah,65,11,28,20,6,0,65,65,0,0,0,55,9,1,10,41,14
2024-11-23,Hospital Raja Perempuan Zainab II,19,6,7,5,1,0,19,19,0,0,0,18,1,0,5,13,1
2024-11-23,Hospital Melaka,52,15,16,20,1,4,48,52,0,0,0,48,4,0,5,37,10
2024-11-23,Hospital Tuanku Jaafar,81,14,21,42,4,0,81,81,0,0,0,73,8,0,14,48,19
2024-11-23,Hospital Tengku Ampuan Afzan,104,27,28,47,2,0,104,104,0,0,0,90,11,3,16,76,12
2024-11-23,Hospital Sultan Haji Ahmad Shah,44,15,7,21,1,0,44,44,0,0,0,42,1,1,7,26,11
2024-11-23,Hospital Seberang Jaya,0,0,0,0,0,0,0,0,0,0,0,0,0,0,0,0,0
2024-11-23,Hospital Pulau Pinang,66,17,19,25,5,0,66,66,0,0,0,65,1,0,13,37,16
2024-11-23,Hospital Raja Permaisuri Bainun,84,23,19,39,3,0,84,84,0,0,0,77,3,4,10,61,13
2024-11-23,Hospital Taiping,19,4,3,10,2,0,19,19,0,0,0,19,0,0,1,17,1
2024-11-23,Hospital Seri Manjung,0,0,0,0,0,0,0,0,0,0,0,0,0,0,0,0,0
2024-11-23,Hospital Tengku Ampuan Rahimah,0,0,0,0,0,0,0,0,0,0,0,0,0,0,0,0,0
2024-11-23,Hospital Sultanah Nur Zahirah,72,13,14,38,7,0,72,72,0,0,0,61,9,2,8,45,19
2024-11-23,Hospital Queen Elizabeth II,112,37,20,47,8,0,112,112,0,0,0,106,5,1,29,56,27
2024-11-23,Hospital Duchess Of Kent,47,10,13,23,1,0,47,47,0,0,0,45,2,0,17,21,9
2024-11-23,Hospital Tawau,16,4,5,7,0,0,16,16,0,0,0,12,1,3,4,11,1
2024-11-23,Hospital Umum Sarawak,105,13,35,48,9,52,53,105,0,0,0,102,3,0,40,55,10
2024-11-23,Hospital Miri,101,28,24,45,4,0,101,101,0,0,0,96,2,3,17,77,7
2024-11-23,Hospital Sibu,21,3,6,8,4,0,21,21,0,0,0,18,3,0,1,18,2
2024-11-23,Pusat Darah Negara,657,175,175,272,35,154,503,636,14,7,0,604,48,5,84,458,115
2024-11-24,Hospital Sultanah Nora Ismail,52,12,13,23,4,8,44,52,0,0,0,51,1,0,7,44,1
2024-11-24,Hospital Sultanah Aminah,203,45,52,94,12,65,138,203,0,0,0,196,6,1,35,116,52
2024-11-24,,84,17,20,41,6,17,67,84,0,0,0,81,3,0,27,41,16
2024-11-24,Hospital Sultanah Bahiyah,77,19,28,25,5,0,77,77,0,0,0,69,5,3,11,44,22
2024-11-24,Hospital Raja Perempuan Zainab II,25,5,6,11,3,13,12,24,1,0,0,23,1,1,4,18,3
2024-11-24,Hospital Melaka,215,56,58,88,13,0,215,215,0,0,0,204,10,1,28,148,39
2024-11-24,Hospital Tuanku Jaafar,115,29,30,52,4,0,115,115,0,0,0,109,5,1,15,79,21
2024-11-24,Hospital Tengku Ampuan Afzan,119,32,36,44,7,0,119,119,0,0,0,107,10,2,14,93,12
2024-11-24,Hospital Sultan Haji Ahmad Shah,0,0,0,0,0,0,0,0,0,0,0,0,0,0,0,0,0
2024-11-24,Hospital Seberang Jaya,92,21,37,28,6,0,92,92,0,0,0,86,6,0,14,59,19
2024-11-24,Hospital Pulau Pinang,130,35,27,64,4,0,130,130,0,0,0,124,6,0,12,105,13
2024-11-24,Hospital Raja Permaisuri Bainun,214,53,60,87,14,0,214,214,0,0,0,178,19,17,40,146,28
2024-11-24,Hospital Taiping,15,3,2,7,3,0,15,15,0,0,0,14,1,0,0,13,2
2024-11-24,Hospital Seri Manjung,28,11,5,9,3,0,28,28,0,0,0,27,0,1,2,21,5
2024-11-24,Hospital Tengku Ampuan Rahimah,201,49,48,98,6,0,201,201,0,0,0,192,9,0,69,87,45
2024-11-24,Hospital Sultanah Nur Zahirah,75,21,15,30,9,5,70,75,0,0,0,13,62,0,27,48,0
2024-11-24,Hospital Queen Elizabeth II,27,11,4,10,2,0,27,27,0,0,0,26,1,0,4,20,3
2024-11-24,Hospital Duchess Of Kent,36,10,9,16,1,0,36,36,0,0,0,36,0,0,5,30,1
2024-11-24,Hospital Tawau,13,0,3,10,0,0,13,13,0,0,0,13,0,0,2,11,0
2024-11-24,Hospital Umum Sarawak,143,33,40,58,12,0,143,143,0,0,0,137,5,1,8,123,12
2024-11-24,Hospital Miri,123,33,37,48,5,0,123,123,0,0,0,117,4,2,11,100,12
2024-11-24,Hospital Sibu,69,14,27,24,4,0,69,69,0,0,0,65,4,0,11,57,1
2024-11-24,Pusat Darah Negara,703,172,203,296,32,139,564,703,0,0,0,654,41,8,115,448,140
2024-11-25,Hospital Sultanah Nora Ismail,1,1,0,0,0,1,0,1,0,0,0,1,0,0,0,0,1
2024-11-25,Hospital Sultanah Aminah,85,27,18,35,5,28,57,85,0,0,0,71,12,2,39,39,7
2024-11-25,,28,8,4,14,2,9,19,28,0,0,0,27,0,1,6,16,6
2024-11-25,Hospital Sultanah Bahiyah,57,13,16,26,2,0,57,57,0,0,0,53,4,0,7,34,16
2024-11-25,Hospital Raja Perempuan Zainab II,76,20,22,28,6,13,63,75,1,0,0,68,7,1,22,45,9
2024-11-25,Hospital Melaka,13,7,0,6,0,13,0,11,2,0,0,13,0,0,0,11,2
2024-11-25,Hospital Tuanku Jaafar,27,4,2,18,3,27,0,27,0,0,0,25,2,0,1,22,4
2024-11-25,Hospital Tengku Ampuan Afzan,8,4,0,4,0,8,0,7,1,0,0,8,0,0,1,7,0
2024-11-25,Hospital Sultan Haji Ahmad Shah,7,1,1,5,0,7,0,7,0,0,0,7,0,0,0,7,0
2024-11-25,Hospital Seberang Jaya,15,3,5,6,1,8,7,15,0,0,0,13,2,0,0,8,7
2024-11-25,Hospital Pulau Pinang,29,8,8,12,1,29,0,28,1,0,0,29,0,0,1,26,2
2024-11-25,,1,0,0,1,0,1,0,1,0,0,0,1,0,0,0,1,0
2024-11-25,Hospital Raja Permaisuri Bainun,54,16,15,20,3,17,37,52,2,0,0,48,6,0,5,42,7
2024-11-25,Hospital Taiping,11,2,6,2,1,11,0,10,1,0,0,11,0,0,0,10,1
2024-11-25,Hospital Seri Manjung,3,0,1,1,1,3,0,3,0,0,0,3,0,0,0,3,0
2024-11-25,Hospital Tengku Ampuan Rahimah,31,4,7,20,0,5,26,31,0,0,0,27,4,0,6,8,17
2024-11-25,Hospital Sultanah Nur Zahirah,79,21,19,34,5,5,74,79,0,0,0,63,6,10,22,37,20
2024-11-25,Hospital Queen Elizabeth II,30,2,12,15,1,7,23,30,0,0,0,28,1,1,8,19,3
2024-11-25,Hospital Duchess Of Kent,2,0,1,1,0,2,0,2,0,0,0,2,0,0,0,2,0
2024-11-25,Hospital Tawau,4,1,2,0,1,4,0,4,0,0,0,3,1,0,0,4,0
2024-11-25,Hospital Umum Sarawak,27,5,8,12,2,27,0,27,0,0,0,24,3,0,2,24,1
2024-11-25,Hospital Miri,2,0,1,1,0,2,0,1,1,0,0,2,0,0,0,2,0
2024-11-25,Hospital Sibu,4,1,0,2,1,4,0,4,0,0,0,4,0,0,0,4,0
2024-11-25,Pusat Darah Negara,330,72,93,144,21,72,258,311,13,6,0,306,23,1,33,218,79
2024-11-26,Hospital Sultanah Nora Ismail,35,10,8,16,1,5,30,35,0,0,0,35,0,0,12,10,13
2024-11-26,Hospital Sultanah Aminah,64,22,16,24,2,29,35,64,0,0,0,61,3,0,13,39,12
2024-11-26,,24,5,8,11,0,9,15,24,0,0,0,21,3,0,6,15,3
2024-11-26,Hospital Sultanah Bahiyah,54,16,16,17,5,0,54,54,0,0,0,50,3,1,7,28,19
2024-11-26,Hospital Raja Perempuan Zainab II,238,66,59,95,18,0,238,238,0,0,0,212,26,0,30,173,35
2024-11-26,Hospital Melaka,110,30,31,45,4,12,98,110,0,0,0,106,4,0,16,78,16
2024-11-26,Hospital Tuanku Jaafar,53,21,13,18,1,23,30,53,0,0,0,45,7,1,11,26,16
2024-11-26,Hospital Tengku Ampuan Afzan,5,3,2,0,0,5,0,5,0,0,0,5,0,0,0,5,0
2024-11-26,Hospital Sultan Haji Ahmad Shah,24,7,5,12,0,4,20,24,0,0,0,23,1,0,14,7,3
2024-11-26,Hospital Seberang Jaya,35,8,8,15,4,8,27,35,0,0,0,35,0,0,20,7,8
2024-11-26,Hospital Pulau Pinang,63,14,18,29,2,33,30,61,2,0,0,62,1,0,23,30,10
2024-11-26,Hospital Raja Permaisuri Bainun,75,18,26,29,2,5,70,73,2,0,0,68,6,1,22,38,15
2024-11-26,Hospital Taiping,19,5,4,9,1,14,5,17,2,0,0,18,1,0,2,15,2
2024-11-26,Hospital Seri Manjung,2,0,0,2,0,2,0,2,0,0,0,1,1,0,0,2,0
2024-11-26,Hospital Tengku Ampuan Rahimah,59,18,15,25,1,0,59,59,0,0,0,51,8,0,29,20,10
2024-11-26,Hospital Sultanah Nur Zahirah,53,11,18,21,3,9,44,53,0,0,0,18,35,0,24,26,3
2024-11-26,Hospital Queen Elizabeth II,77,18,13,42,4,8,69,76,1,0,0,72,3,2,18,52,7
2024-11-26,Hospital Duchess Of Kent,0,0,0,0,0,0,0,0,0,0,0,0,0,0,0,0,0
2024-11-26,Hospital Tawau,4,0,3,1,0,4,0,4,0,0,0,4,0,0,0,3,1
2024-11-26,Hospital Umum Sarawak,23,4,7,11,1,23,0,23,0,0,0,22,1,0,2,19,2
2024-11-26,Hospital Miri,8,2,4,2,0,8,0,8,0,0,0,8,0,0,0,8,0
2024-11-26,Hospital Sibu,7,3,0,4,0,7,0,7,0,0,0,7,0,0,2,5,0
2024-11-26,Pusat Darah Negara,562,138,149,237,38,83,479,551,8,3,0,517,42,3,96,336,130
2024-11-27,Hospital Sultanah Nora Ismail,5,0,2,3,0,5,0,4,1,0,0,5,0,0,0,4,1
2024-11-27,Hospital Sultanah Aminah,114,31,32,47,4,20,94,114,0,0,0,108,5,1,31,46,37
2024-11-27,,33,5,13,14,1,7,26,33,0,0,0,32,1,0,5,19,9
2024-11-27,Hospital Sultanah Bahiyah,40,9,11,16,4,14,26,40,0,0,0,38,2,0,9,25,6
2024-11-27,Hospital Raja Perempuan Zainab II,5,1,0,4,0,5,0,5,0,0,0,5,0,0,0,5,0
2024-11-27,Hospital Melaka,147,39,34,66,8,11,136,147,0,0,0,142,5,0,23,96,28
2024-11-27,Hospital Tuanku Jaafar,52,15,11,22,4,25,27,52,0,0,0,47,4,1,4,41,7
2024-11-27,Hospital Tengku Ampuan Afzan,53,11,11,28,3,10,43,52,1,0,0,51,1,1,9,32,12
2024-11-27,Hospital Sultan Haji Ahmad Shah,4,2,1,1,0,4,0,4,0,0,0,4,0,0,0,3,1
2024-11-27,Hospital Seberang Jaya,16,4,6,4,2,5,11,16,0,0,0,15,1,0,3,10,3
2024-11-27,Hospital Pulau Pinang,164,44,46,64,10,43,121,161,3,0,0,154,5,5,21,117,26
2024-11-27,Hospital Raja Permaisuri Bainun,82,22,23,34,3,14,68,81,1,0,0,55,26,1,23,48,11
2024-11-27,Hospital Taiping,18,6,4,7,1,18,0,17,1,0,0,13,5,0,4,8,6
2024-11-27,Hospital Seri Manjung,3,1,1,1,0,3,0,3,0,0,0,3,0,0,0,2,1
2024-11-27,Hospital Tengku Ampuan Rahimah,30,10,6,14,0,7,23,30,0,0,0,29,1,0,9,18,3
2024-11-27,Hospital Sultanah Nur Zahirah,25,7,3,13,2,7,18,25,0,0,0,25,0,0,3,19,3
2024-11-27,Hospital Queen Elizabeth II,53,9,12,29,3,7,46,51,2,0,0,51,1,1,6,32,15
2024-11-27,Hospital Duchess Of Kent,15,3,7,5,0,0,15,15,0,0,0,15,0,0,1,14,0
2024-11-27,Hospital Tawau,3,0,1,2,0,3,0,3,0,0,0,3,0,0,0,3,0
2024-11-27,Hospital Umum Sarawak,22,9,6,7,0,22,0,22,0,0,0,21,1,0,2,18,2
2024-11-27,Hospital Miri,9,1,4,2,2,9,0,9,0,0,0,9,0,0,3,6,0
2024-11-27,Hospital Sibu,8,0,4,4,0,8,0,8,0,0,0,7,1,0,0,7,1
2024-11-27,Pusat Darah Negara,522,147,149,194,32,98,424,502,14,6,0,484,34,4,104,314,104
2024-11-28,Hospital Sultanah Nora Ismail,4,0,1,3,0,4,0,4,0,0,0,4,0,0,0,4,0
2024-11-28,Hospital Sultanah Aminah,54,9,14,28,3,17,37,53,0,1,0,52,2,0,20,16,18
2024-11-28,,27,5,9,11,2,8,19,26,1,0,0,26,1,0,4,14,9
2024-11-28,Hospital Sultanah Bahiyah,28,13,6,8,1,7,21,28,0,0,0,25,2,1,5,14,9
2024-11-28,Hospital Raja Perempuan Zainab II,9,2,0,7,0,4,5,9,0,0,0,5,4,0,1,8,0
2024-11-28,Hospital Melaka,125,32,34,51,8,14,111,124,1,0,0,118,7,0,32,62,31
2024-11-28,Hospital Tuanku Jaafar,64,18,11,29,6,20,44,64,0,0,0,60,4,0,7,52,5
2024-11-28,Hospital Tengku Ampuan Afzan,69,20,20,26,3,14,55,69,0,0,0,24,44,1,30,36,3
2024-11-28,Hospital Sultan Haji Ahmad Shah,6,2,2,2,0,6,0,6,0,0,0,6,0,0,0,6,0
2024-11-28,Hospital Seberang Jaya,47,6,16,24,1,7,40,47,0,0,0,46,1,0,10,31,6
2024-11-28,Hospital Pulau Pinang,69,16,23,27,3,19,50,67,2,0,0,67,2,0,14,44,11
2024-11-28,Hospital Raja Permaisuri Bainun,121,22,45,49,5,5,116,120,1,0,0,20,1,100,73,33,15
2024-11-28,Hospital Taiping,10,2,3,5,0,5,5,9,1,0,0,9,1,0,0,9,1
2024-11-28,Hospital Seri Manjung,16,3,3,9,1,0,16,16,0,0,0,15,1,0,3,10,3
2024-11-28,Hospital Tengku Ampuan Rahimah,47,9,12,26,0,0,47,47,0,0,0,43,4,0,5,27,15
2024-11-28,Hospital Sultanah Nur Zahirah,56,14,14,23,5,3,53,56,0,0,0,47,9,0,9,28,19
2024-11-28,Hospital Queen Elizabeth II,101,17,24,56,4,4,97,100,1,0,0,98,3,0,24,55,22
2024-11-28,Hospital Duchess Of Kent,16,7,2,7,0,0,16,16,0,0,0,16,0,0,2,10,4
2024-11-28,Hospital Tawau,26,5,8,12,1,4,22,26,0,0,0,25,1,0,5,18,3
2024-11-28,Hospital Umum Sarawak,61,15,19,25,2,15,46,61,0,0,0,58,2,1,4,48,9
2024-11-28,Hospital Miri,9,2,2,5,0,9,0,9,0,0,0,8,1,0,0,9,0
2024-11-28,Hospital Sibu,6,1,3,1,1,6,0,6,0,0,0,6,0,0,0,5,1
2024-11-28,Pusat Darah Negara,548,138,156,217,37,102,446,527,14,7,0,496,49,3,109,346,93
2024-11-29,Hospital Sultanah Nora Ismail,0,0,0,0,0,0,0,0,0,0,0,0,0,0,0,0,0
2024-11-29,Hospital Sultanah Aminah,20,6,4,10,0,0,20,20,0,0,0,17,3,0,6,14,0
2024-11-29,Hospital Sultanah Bahiyah,56,22,14,18,2,0,56,56,0,0,0,55,1,0,5,41,10
2024-11-29,Hospital Raja Perempuan Zainab II,0,0,0,0,0,0,0,0,0,0,0,0,0,0,0,0,0
2024-11-29,Hospital Melaka,14,4,6,4,0,14,0,13,1,0,0,8,6,0,1,12,1
2024-11-29,Hospital Tuanku Jaafar,15,4,2,9,0,15,0,15,0,0,0,13,1,1,0,14,1
2024-11-29,Hospital Tengku Ampuan Afzan,6,1,0,5,0,6,0,6,0,0,0,5,1,0,1,4,1
2024-11-29,Hospital Sultan Haji Ahmad Shah,3,0,2,1,0,3,0,3,0,0,0,3,0,0,0,3,0
2024-11-29,Hospital Seberang Jaya,10,1,4,4,1,10,0,10,0,0,0,8,2,0,0,10,0
2024-11-29,Hospital Pulau Pinang,38,6,9,20,3,38,0,35,3,0,0,35,3,0,3,31,4
2024-11-29,Hospital Raja Permaisuri Bainun,24,1,6,16,1,4,20,23,1,0,0,17,6,1,6,17,1
2024-11-29,Hospital Taiping,6,1,3,2,0,6,0,5,1,0,0,6,0,0,0,6,0
2024-11-29,Hospital Seri Manjung,2,0,1,1,0,2,0,2,0,0,0,2,0,0,0,2,0
2024-11-29,Hospital Tengku Ampuan Rahimah,43,7,15,19,2,4,39,43,0,0,0,38,5,0,19,11,13
2024-11-29,Hospital Sultanah Nur Zahirah,23,3,5,13,2,0,23,23,0,0,0,20,3,0,0,22,1
2024-11-29,Hospital Queen Elizabeth II,53,17,3,30,3,0,53,53,0,0,0,34,19,0,22,18,13
2024-11-29,Hospital Duchess Of Kent,4,0,1,3,0,4,0,4,0,0,0,3,1,0,0,3,1
2024-11-29,Hospital Tawau,28,7,11,10,0,9,19,28,0,0,0,28,0,0,4,18,6
2024-11-29,Hospital Umum Sarawak,56,5,20,29,2,56,0,56,0,0,0,54,2,0,18,33,5
2024-11-29,Hospital Miri,8,2,3,3,0,8,0,8,0,0,0,8,0,0,0,8,0
2024-11-29,Hospital Sibu,3,0,1,2,0,3,0,3,0,0,0,3,0,0,0,3,0
2024-11-29,Pusat Darah Negara,444,108,122,180,34,91,353,423,14,7,0,400,41,3,51,304,89
2024-11-30,Hospital Sultanah Nora Ismail,78,23,16,34,5,0,78,78,0,0,0,75,3,0,8,60,10
2024-11-30,Hospital Sultanah Aminah,151,42,36,56,17,0,151,151,0,0,0,147,4,0,23,97,31
2024-11-30,Hospital Sultanah Bahiyah,35,11,11,12,1,0,35,35,0,0,0,32,2,1,17,7,11
2024-11-30,Hospital Raja Perempuan Zainab II,30,9,8,11,2,0,30,30,0,0,0,23,7,0,19,11,0
2024-11-30,Hospital Melaka,0,0,0,0,0,0,0,0,0,0,0,0,0,0,0,0,0
2024-11-30,Hospital Tuanku Jaafar,69,19,14,34,2,0,69,69,0,0,0,60,8,1,17,32,20
2024-11-30,Hospital Tengku Ampuan Afzan,70,14,23,32,1,0,70,70,0,0,0,67,2,1,5,60,5
2024-11-30,Hospital Sultan Haji Ahmad Shah,100,25,20,49,6,0,100,100,0,0,0,82,18,0,50,39,11
2024-11-30,Hospital Seberang Jaya,7,0,1,6,0,0,7,7,0,0,0,7,0,0,2,4,1
2024-11-30,Hospital Pulau Pinang,147,43,31,63,10,0,147,147,0,0,0,140,7,0,44,85,18
2024-11-30,Hospital Raja Permaisuri Bainun,80,15,16,46,3,0,80,80,0,0,0,69,8,3,9,51,20
2024-11-30,Hospital Taiping,25,6,9,8,2,0,25,25,0,0,0,24,1,0,2,17,6
2024-11-30,Hospital Seri Manjung,45,11,13,17,4,0,45,45,0,0,0,37,4,4,10,22,13
2024-11-30,Hospital Tengku Ampuan Rahimah,95,25,25,42,3,0,95,95,0,0,0,94,1,0,37,42,16
2024-11-30,Hospital Sultanah Nur Zahirah,27,9,3,12,3,0,27,27,0,0,0,21,6,0,1,21,5
2024-11-30,Hospital Queen Elizabeth II,82,16,20,43,3,0,82,82,0,0,0,71,10,1,23,42,17
2024-11-30,Hospital Duchess Of Kent,17,5,8,4,0,0,17,17,0,0,0,17,0,0,6,10,1
2024-11-30,Hospital Tawau,43,9,13,19,2,0,43,43,0,0,0,43,0,0,17,14,12
2024-11-30,Hospital Umum Sarawak,81,14,31,33,3,0,81,81,0,0,0,73,8,0,12,45,24
2024-11-30,Hospital Miri,107,37,24,40,6,0,107,107,0,0,0,101,5,1,13,80,14
2024-11-30,Hospital Sibu,13,5,3,5,0,0,13,13,0,0,0,12,1,0,5,3,5
2024-11-30,Pusat Darah Negara,626,160,159,274,33,145,481,596,13,17,0,574,48,4,71,436,119
